{
  "data" : {
    "lookups" : [
      "trait"
    ],
    "name" : "intent",
    "lang" : "en",
    "exotic" : false,
    "id" : "intent",
    "values" : [
      {
        "value" : "help"
      },
      {
        "value" : "launch"
      },
      {
        "value" : "multipleChoice"
      },
      {
        "value" : "no"
      },
      {
        "value" : "problem"
      },
      {
        "value" : "stop"
      },
      {
        "value" : "yes"
      }
    ],
    "doc" : "User-defined entity",
    "builtin" : false
  }
}