{
  "data" : [
    {
      "text" : "0",
      "entities" : [
        {
          "entity" : "intent",
          "value" : "\"multipleChoice\""
        },
        {
          "entity" : "datetime",
          "value" : "\"2016-08-13T00:00:00.000Z\"",
          "start" : 0,
          "end" : 1
        }
      ]
    },
    {
      "text" : "1",
      "entities" : [
        {
          "entity" : "intent",
          "value" : "\"multipleChoice\""
        },
        {
          "entity" : "datetime",
          "value" : "\"2016-08-06T01:00:00.000Z\"",
          "start" : 0,
          "end" : 1
        }
      ]
    },
    {
      "text" : "1st",
      "entities" : [
        {
          "entity" : "intent",
          "value" : "\"multipleChoice\""
        },
        {
          "entity" : "ordinal",
          "value" : "1",
          "start" : 0,
          "end" : 3
        }
      ]
    },
    {
      "text" : "2",
      "entities" : [
        {
          "entity" : "intent",
          "value" : "\"multipleChoice\""
        },
        {
          "entity" : "datetime",
          "value" : "\"2016-08-06T02:00:00.000Z\"",
          "start" : 0,
          "end" : 1
        }
      ]
    },
    {
      "text" : "2nd",
      "entities" : [
        {
          "entity" : "intent",
          "value" : "\"multipleChoice\""
        },
        {
          "entity" : "ordinal",
          "value" : "2",
          "start" : 0,
          "end" : 3
        }
      ]
    },
    {
      "text" : "3",
      "entities" : [
        {
          "entity" : "intent",
          "value" : "\"multipleChoice\""
        },
        {
          "entity" : "datetime",
          "value" : "\"2016-08-12T03:00:00.000Z\"",
          "start" : 0,
          "end" : 1
        }
      ]
    },
    {
      "text" : "3rd",
      "entities" : [
        {
          "entity" : "intent",
          "value" : "\"multipleChoice\""
        },
        {
          "entity" : "ordinal",
          "value" : "3",
          "start" : 0,
          "end" : 3
        }
      ]
    },
    {
      "text" : "Are there any capacity issues?",
      "entities" : [
        {
          "entity" : "intent",
          "value" : "\"scalability\""
        }
      ]
    },
    {
      "text" : "Are there any issues at the moment?",
      "entities" : [
        {
          "entity" : "intent",
          "value" : "\"problem\""
        }
      ]
    },
    {
      "text" : "Did anything happen",
      "entities" : [
        {
          "entity" : "intent",
          "value" : "\"problem\""
        }
      ]
    },
    {
      "text" : "Did anything happen to Easy Travel between 8 and 10am?",
      "entities" : [
        {
          "entity" : "intent",
          "value" : "\"problem\""
        },
        {
          "entity" : "app_name",
          "value" : "\"Easy Travel\"",
          "start" : 23,
          "end" : 34
        },
        {
          "entity" : "datetime",
          "value" : "{:from \"2016-06-16T20:00:00.000-07:00\", :to \"2016-06-17T11:00:00.000-07:00\"}",
          "start" : 35,
          "end" : 53
        }
      ]
    },
    {
      "text" : "Did anything happen to support jira?",
      "entities" : [
        {
          "entity" : "intent",
          "value" : "\"problem\""
        },
        {
          "entity" : "app_name",
          "value" : "\"support jira\"",
          "start" : 23,
          "end" : 35
        }
      ]
    },
    {
      "text" : "Did anything happen with Easy Travel yesterday around 10pm?",
      "entities" : [
        {
          "entity" : "intent",
          "value" : "\"problem\""
        },
        {
          "entity" : "app_name",
          "value" : "\"Easy Travel\"",
          "start" : 25,
          "end" : 36
        },
        {
          "entity" : "datetime",
          "value" : "\"2016-06-16T22:00:00.000Z\"",
          "start" : 37,
          "end" : 58
        }
      ]
    },
    {
      "text" : "Did anything happen yesterday",
      "entities" : [
        {
          "entity" : "intent",
          "value" : "\"problem\""
        },
        {
          "entity" : "datetime",
          "value" : "\"2016-06-16T00:00:00.000Z\"",
          "start" : 20,
          "end" : 29
        }
      ]
    },
    {
      "text" : "Did anything happen yesterday?",
      "entities" : [
        {
          "entity" : "intent",
          "value" : "\"problem\""
        },
        {
          "entity" : "datetime",
          "value" : "\"2016-06-16T00:00:00.000Z\"",
          "start" : 20,
          "end" : 29
        }
      ]
    },
    {
      "text" : "Did anything happend to easy travel this morning?",
      "entities" : [
        {
          "entity" : "intent",
          "value" : "\"problem\""
        },
        {
          "entity" : "app_name",
          "value" : "\"Easy Travel\"",
          "start" : 24,
          "end" : 35
        },
        {
          "entity" : "datetime",
          "value" : "{:from \"2016-08-02T04:00:00.000Z\", :to \"2016-08-02T12:00:00.000Z\"}",
          "start" : 36,
          "end" : 48
        }
      ]
    },
    {
      "text" : "How about SSO?",
      "entities" : [
        {
          "entity" : "app_name",
          "value" : "\"SSO\"",
          "start" : 10,
          "end" : 13
        }
      ]
    },
    {
      "text" : "How's Easy Travel doing?",
      "entities" : [
        {
          "entity" : "intent",
          "value" : "\"problem\""
        },
        {
          "entity" : "app_name",
          "value" : "\"Easy Travel\"",
          "start" : 6,
          "end" : 17
        }
      ]
    },
    {
      "text" : "How's support doing?",
      "entities" : [
        {
          "entity" : "intent",
          "value" : "\"problem\""
        },
        {
          "entity" : "app_name",
          "value" : "\"support\"",
          "start" : 6,
          "end" : 13
        }
      ]
    },
    {
      "text" : "I could use a little help",
      "entities" : [
        {
          "entity" : "intent",
          "value" : "\"help\""
        }
      ]
    },
    {
      "text" : "I need help",
      "entities" : [
        {
          "entity" : "intent",
          "value" : "\"help\""
        }
      ]
    },
    {
      "text" : "I'm finished",
      "entities" : [
        {
          "entity" : "intent",
          "value" : "\"stop\""
        }
      ]
    },
    {
      "text" : "I'm not interested in any of those",
      "entities" : [
        {
          "entity" : "intent",
          "value" : "\"multipleChoice\""
        }
      ]
    },
    {
      "text" : "No thanks.",
      "entities" : [
        {
          "entity" : "intent",
          "value" : "\"no\""
        }
      ]
    },
    {
      "text" : "No.",
      "entities" : [
        {
          "entity" : "intent",
          "value" : "\"no\""
        }
      ]
    },
    {
      "text" : "Start davis",
      "entities" : [
        {
          "entity" : "intent",
          "value" : "\"launch\""
        }
      ]
    },
    {
      "text" : "Tell me about the first",
      "entities" : [
        {
          "entity" : "intent",
          "value" : "\"multipleChoice\""
        },
        {
          "entity" : "datetime",
          "value" : "\"2016-09-01T00:00:00.000Z\"",
          "start" : 14,
          "end" : 23
        }
      ]
    },
    {
      "text" : "Tell me more about the first one"
    },
    {
      "text" : "Tell me more about the first problem.",
      "entities" : [
        {
          "entity" : "intent",
          "value" : "\"problem\""
        }
      ]
    },
    {
      "text" : "Tell me more about the second one",
      "entities" : [
        {
          "entity" : "intent",
          "value" : "\"multipleChoice\""
        },
        {
          "entity" : "datetime",
          "value" : "\"2016-09-02T00:00:00.000Z\"",
          "start" : 19,
          "end" : 29
        }
      ]
    },
    {
      "text" : "Was easy travel affected?",
      "entities" : [
        {
          "entity" : "app_name",
          "value" : "\"Easy Travel\"",
          "start" : 4,
          "end" : 15
        }
      ]
    },
    {
      "text" : "What happened this morning?",
      "entities" : [
        {
          "entity" : "intent",
          "value" : "\"problem\""
        },
        {
          "entity" : "datetime",
          "value" : "{:from \"2016-07-22T04:00:00.000Z\", :to \"2016-07-22T12:00:00.000Z\"}",
          "start" : 14,
          "end" : 26
        }
      ]
    },
    {
      "text" : "What happened yesterday around 10pm?",
      "entities" : [
        {
          "entity" : "intent",
          "value" : "\"problem\""
        },
        {
          "entity" : "datetime",
          "value" : "\"2016-06-15T22:00:00.000-07:00\"",
          "start" : 14,
          "end" : 35
        }
      ]
    },
    {
      "text" : "What happened yesterday between 8 and 10pm?",
      "entities" : [
        {
          "entity" : "intent",
          "value" : "\"problem\""
        },
        {
          "entity" : "datetime",
          "value" : "{:type \"interval\", :values []}",
          "start" : 14,
          "end" : 42
        }
      ]
    },
    {
      "text" : "What happened yesterday with easy travel?",
      "entities" : [
        {
          "entity" : "intent",
          "value" : "\"problem\""
        },
        {
          "entity" : "datetime",
          "value" : "\"2016-08-01T00:00:00.000Z\"",
          "start" : 14,
          "end" : 23
        },
        {
          "entity" : "app_name",
          "value" : "\"Easy Travel\"",
          "start" : 29,
          "end" : 40
        }
      ]
    },
    {
      "text" : "Yes.",
      "entities" : [
        {
          "entity" : "intent",
          "value" : "\"yes\""
        }
      ]
    },
    {
      "text" : "absolutely",
      "entities" : [
        {
          "entity" : "intent",
          "value" : "\"yes\""
        }
      ]
    },
    {
      "text" : "absolutely not",
      "entities" : [
        {
          "entity" : "intent",
          "value" : "\"no\""
        }
      ]
    },
    {
      "text" : "alexa stop",
      "entities" : [
        {
          "entity" : "intent",
          "value" : "\"stop\""
        }
      ]
    },
    {
      "text" : "all of them",
      "entities" : [
        {
          "entity" : "intent",
          "value" : "\"multiple_choice\""
        }
      ]
    },
    {
      "text" : "any issues",
      "entities" : [
        {
          "entity" : "intent",
          "value" : "\"problem\""
        }
      ]
    },
    {
      "text" : "both",
      "entities" : [
        {
          "entity" : "intent",
          "value" : "\"multiple_choice\""
        }
      ]
    },
    {
      "text" : "bottom",
      "entities" : [
        {
          "entity" : "intent",
          "value" : "\"multipleChoice\""
        }
      ]
    },
    {
      "text" : "bye",
      "entities" : [
        {
          "entity" : "intent",
          "value" : "\"stop\""
        }
      ]
    },
    {
      "text" : "can you tell me about do you say rick dvt levels",
      "entities" : [
        {
          "entity" : "intent",
          "value" : "\"userActivity\""
        }
      ]
    },
    {
      "text" : "can you tell me about use rectory levels",
      "entities" : [
        {
          "entity" : "intent",
          "value" : "\"userActivity\""
        }
      ]
    },
    {
      "text" : "can you tell me about use right tivoli lovells",
      "entities" : [
        {
          "entity" : "intent",
          "value" : "\"userActivity\""
        }
      ]
    },
    {
      "text" : "davis",
      "entities" : [
        {
          "entity" : "intent",
          "value" : "\"launch\""
        }
      ]
    },
    {
      "text" : "did anything happen this morning",
      "entities" : [
        {
          "entity" : "intent",
          "value" : "\"problem\""
        },
        {
          "entity" : "datetime",
          "value" : "{:type \"interval\", :values [{:type \"interval\", :from {:value \"2016-08-10T04:00:00.000Z\", :grain \"hour\"}, :to {:value \"2016-08-10T12:00:00.000Z\", :grain \"hour\"}}]}",
          "start" : 20,
          "end" : 32
        }
      ]
    },
    {
      "text" : "did anything happened last night?",
      "entities" : [
        {
          "entity" : "intent",
          "value" : "\"problem\""
        },
        {
          "entity" : "datetime",
          "value" : "{:from \"2016-07-19T18:00:00.000Z\", :to \"2016-07-20T00:00:00.000Z\"}",
          "start" : 22,
          "end" : 32
        }
      ]
    },
    {
      "text" : "do it",
      "entities" : [
        {
          "entity" : "intent",
          "value" : "\"yes\""
        }
      ]
    },
    {
      "text" : "done",
      "entities" : [
        {
          "entity" : "intent",
          "value" : "\"stop\""
        }
      ]
    },
    {
      "text" : "first",
      "entities" : [
        {
          "entity" : "intent",
          "value" : "\"multiple_choice\""
        },
        {
          "entity" : "ordinal",
          "value" : "1",
          "start" : 0,
          "end" : 5
        }
      ]
    },
    {
      "text" : "first one",
      "entities" : [
        {
          "entity" : "intent",
          "value" : "\"multipleChoice\""
        }
      ]
    },
    {
      "text" : "give me an update on user activity",
      "entities" : [
        {
          "entity" : "intent",
          "value" : "\"userActivity\""
        }
      ]
    },
    {
      "text" : "go for it",
      "entities" : [
        {
          "entity" : "intent",
          "value" : "\"yes\""
        }
      ]
    },
    {
      "text" : "help",
      "entities" : [
        {
          "entity" : "intent",
          "value" : "\"help\""
        }
      ]
    },
    {
      "text" : "help me",
      "entities" : [
        {
          "entity" : "intent",
          "value" : "\"help\""
        }
      ]
    },
    {
      "text" : "help me please",
      "entities" : [
        {
          "entity" : "intent",
          "value" : "\"help\""
        }
      ]
    },
    {
      "text" : "hey davis",
      "entities" : [
        {
          "entity" : "intent",
          "value" : "\"launch\""
        }
      ]
    },
    {
      "text" : "hi davis",
      "entities" : [
        {
          "entity" : "intent",
          "value" : "\"launch\""
        }
      ]
    },
    {
      "text" : "how about the first issue",
      "entities" : [
        {
          "entity" : "intent",
          "value" : "\"multipleChoice\""
        },
        {
          "entity" : "datetime",
          "value" : "\"2016-10-01T00:00:00.000Z\"",
          "start" : 10,
          "end" : 19
        }
      ]
    },
    {
      "text" : "how about the first problem",
      "entities" : [
        {
          "entity" : "intent",
          "value" : "\"multipleChoice\""
        },
        {
          "entity" : "datetime",
          "value" : "\"2016-10-01T00:00:00.000Z\"",
          "start" : 10,
          "end" : 19
        }
      ]
    },
    {
      "text" : "how about the second issue",
      "entities" : [
        {
          "entity" : "intent",
          "value" : "\"multipleChoice\""
        },
        {
          "entity" : "datetime",
          "value" : "\"2016-10-02T00:00:00.000Z\"",
          "start" : 10,
          "end" : 20
        }
      ]
    },
    {
      "text" : "how is easytravel doing?",
      "entities" : [
        {
          "entity" : "intent",
          "value" : "\"problem\""
        },
        {
          "entity" : "app_name",
          "value" : "\"Easy Travel\"",
          "start" : 7,
          "end" : 17
        }
      ]
    },
    {
      "text" : "how is my application scaling?",
      "entities" : [
        {
          "entity" : "intent",
          "value" : "\"scalability\""
        }
      ]
    },
    {
      "text" : "i would like to know more about the third one",
      "entities" : [
        {
          "entity" : "intent",
          "value" : "\"multipleChoice\""
        },
        {
          "entity" : "datetime",
          "value" : "\"2016-09-03T00:00:00.000Z\"",
          "start" : 32,
          "end" : 41
        }
      ]
    },
    {
      "text" : "last",
      "entities" : [
        {
          "entity" : "intent",
          "value" : "\"multipleChoice\""
        }
      ]
    },
    {
      "text" : "launch",
      "entities" : [
        {
          "entity" : "intent",
          "value" : "\"launch\""
        }
      ]
    },
    {
      "text" : "let's get started",
      "entities" : [
        {
          "entity" : "intent",
          "value" : "\"launch\""
        }
      ]
    },
    {
      "text" : "middle",
      "entities" : [
        {
          "entity" : "intent",
          "value" : "\"multipleChoice\""
        }
      ]
    },
    {
      "text" : "naw",
      "entities" : [
        {
          "entity" : "intent",
          "value" : "\"no\""
        }
      ]
    },
    {
      "text" : "neither",
      "entities" : [
        {
          "entity" : "intent",
          "value" : "\"multipleChoice\""
        }
      ]
    },
    {
      "text" : "neither of those",
      "entities" : [
        {
          "entity" : "intent",
          "value" : "\"multipleChoice\""
        }
      ]
    },
    {
      "text" : "no",
      "entities" : [
        {
          "entity" : "intent",
          "value" : "\"no\""
        }
      ]
    },
    {
      "text" : "no thanks",
      "entities" : [
        {
          "entity" : "intent",
          "value" : "\"no\""
        }
      ]
    },
    {
      "text" : "no, I am okay",
      "entities" : [
        {
          "entity" : "intent",
          "value" : "\"no\""
        }
      ]
    },
    {
      "text" : "no, I'm ok",
      "entities" : [
        {
          "entity" : "intent",
          "value" : "\"no\""
        }
      ]
    },
    {
      "text" : "no, that's all",
      "entities" : [
        {
          "entity" : "intent",
          "value" : "\"stop\""
        }
      ]
    },
    {
      "text" : "none",
      "entities" : [
        {
          "entity" : "intent",
          "value" : "\"multipleChoice\""
        }
      ]
    },
    {
      "text" : "none of those",
      "entities" : [
        {
          "entity" : "intent",
          "value" : "\"multipleChoice\""
        }
      ]
    },
    {
      "text" : "nope",
      "entities" : [
        {
          "entity" : "intent",
          "value" : "\"no\""
        }
      ]
    },
    {
      "text" : "nope, not at the moment",
      "entities" : [
        {
          "entity" : "intent",
          "value" : "\"stop\""
        }
      ]
    },
    {
      "text" : "nothing",
      "entities" : [
        {
          "entity" : "intent",
          "value" : "\"stop\""
        }
      ]
    },
    {
      "text" : "nothing right now",
      "entities" : [
        {
          "entity" : "intent",
          "value" : "\"stop\""
        }
      ]
    },
    {
      "text" : "nothings, that's it",
      "entities" : [
        {
          "entity" : "intent",
          "value" : "\"stop\""
        }
      ]
    },
    {
      "text" : "number 1",
      "entities" : [
        {
          "entity" : "intent",
          "value" : "\"multipleChoice\""
        }
      ]
    },
    {
      "text" : "number one",
      "entities" : [
        {
          "entity" : "intent",
          "value" : "\"multipleChoice\""
        }
      ]
    },
    {
      "text" : "number three",
      "entities" : [
        {
          "entity" : "intent",
          "value" : "\"multipleChoice\""
        }
      ]
    },
    {
      "text" : "number two",
      "entities" : [
        {
          "entity" : "intent",
          "value" : "\"multipleChoice\""
        }
      ]
    },
    {
      "text" : "off",
      "entities" : [
        {
          "entity" : "intent",
          "value" : "\"stop\""
        }
      ]
    },
    {
      "text" : "ok",
      "entities" : [
        {
          "entity" : "intent",
          "value" : "\"yes\""
        }
      ]
    },
    {
      "text" : "okay",
      "entities" : [
        {
          "entity" : "intent",
          "value" : "\"yes\""
        }
      ]
    },
    {
      "text" : "one",
      "entities" : [
        {
          "entity" : "intent",
          "value" : "\"multipleChoice\""
        }
      ]
    },
    {
      "text" : "please",
      "entities" : [
        {
          "entity" : "intent",
          "value" : "\"yes\""
        }
      ]
    },
    {
      "text" : "please tell me about the third one",
      "entities" : [
        {
          "entity" : "intent",
          "value" : "\"multipleChoice\""
        },
        {
          "entity" : "datetime",
          "value" : "\"2016-09-03T00:00:00.000Z\"",
          "start" : 21,
          "end" : 30
        }
      ]
    },
    {
      "text" : "second",
      "entities" : [
        {
          "entity" : "intent",
          "value" : "\"multipleChoice\""
        },
        {
          "entity" : "ordinal",
          "value" : "2",
          "start" : 0,
          "end" : 6
        }
      ]
    },
    {
      "text" : "second one",
      "entities" : [
        {
          "entity" : "intent",
          "value" : "\"multipleChoice\""
        }
      ]
    },
    {
      "text" : "shut up",
      "entities" : [
        {
          "entity" : "intent",
          "value" : "\"stop\""
        }
      ]
    },
    {
      "text" : "sounds good",
      "entities" : [
        {
          "entity" : "intent",
          "value" : "\"yes\""
        }
      ]
    },
    {
      "text" : "start",
      "entities" : [
        {
          "entity" : "intent",
          "value" : "\"launch\""
        }
      ]
    },
    {
      "text" : "start davis",
      "entities" : [
        {
          "entity" : "intent",
          "value" : "\"launch\""
        }
      ]
    },
    {
      "text" : "stop",
      "entities" : [
        {
          "entity" : "intent",
          "value" : "\"stop\""
        }
      ]
    },
    {
      "text" : "sure",
      "entities" : [
        {
          "entity" : "intent",
          "value" : "\"yes\""
        }
      ]
    },
    {
      "text" : "tell me about the second one please",
      "entities" : [
        {
          "entity" : "intent",
          "value" : "\"multipleChoice\""
        },
        {
          "entity" : "datetime",
          "value" : "\"2016-09-02T00:00:00.000Z\"",
          "start" : 14,
          "end" : 24
        }
      ]
    },
    {
      "text" : "tell me about user activity",
      "entities" : [
        {
          "entity" : "intent",
          "value" : "\"userActivity\""
        }
      ]
    },
    {
      "text" : "tell me more about user to be levels",
      "entities" : [
        {
          "entity" : "intent",
          "value" : "\"userActivity\""
        }
      ]
    },
    {
      "text" : "thanks but no thanks",
      "entities" : [
        {
          "entity" : "intent",
          "value" : "\"no\""
        }
      ]
    },
    {
      "text" : "thanks that's it",
      "entities" : [
        {
          "entity" : "intent",
          "value" : "\"stop\""
        }
      ]
    },
    {
      "text" : "thanks thats all",
      "entities" : [
        {
          "entity" : "intent",
          "value" : "\"stop\""
        }
      ]
    },
    {
      "text" : "that's it for now",
      "entities" : [
        {
          "entity" : "intent",
          "value" : "\"stop\""
        }
      ]
    },
    {
      "text" : "the bottom one",
      "entities" : [
        {
          "entity" : "intent",
          "value" : "\"multipleChoice\""
        }
      ]
    },
    {
      "text" : "the first",
      "entities" : [
        {
          "entity" : "intent",
          "value" : "\"multipleChoice\""
        },
        {
          "entity" : "datetime",
          "value" : "\"2016-09-01T00:00:00.000Z\"",
          "start" : 0,
          "end" : 9
        }
      ]
    },
    {
      "text" : "the first one",
      "entities" : [
        {
          "entity" : "intent",
          "value" : "\"multipleChoice\""
        }
      ]
    },
    {
      "text" : "the last one",
      "entities" : [
        {
          "entity" : "intent",
          "value" : "\"multipleChoice\""
        },
        {
          "entity" : "datetime",
          "value" : "\"2016-08-18T13:00:00.000Z\"",
          "start" : 4,
          "end" : 12
        }
      ]
    },
    {
      "text" : "the middle one",
      "entities" : [
        {
          "entity" : "intent",
          "value" : "\"multipleChoice\""
        }
      ]
    },
    {
      "text" : "the second one",
      "entities" : [
        {
          "entity" : "intent",
          "value" : "\"multipleChoice\""
        }
      ]
    },
    {
      "text" : "the third one",
      "entities" : [
        {
          "entity" : "intent",
          "value" : "\"multipleChoice\""
        }
      ]
    },
    {
      "text" : "third",
      "entities" : [
        {
          "entity" : "intent",
          "value" : "\"multipleChoice\""
        },
        {
          "entity" : "ordinal",
          "value" : "3",
          "start" : 0,
          "end" : 5
        }
      ]
    },
    {
      "text" : "third one",
      "entities" : [
        {
          "entity" : "intent",
          "value" : "\"multipleChoice\""
        }
      ]
    },
    {
      "text" : "three",
      "entities" : [
        {
          "entity" : "intent",
          "value" : "\"multipleChoice\""
        }
      ]
    },
    {
      "text" : "top",
      "entities" : [
        {
          "entity" : "intent",
          "value" : "\"multipleChoice\""
        }
      ]
    },
    {
      "text" : "two",
      "entities" : [
        {
          "entity" : "intent",
          "value" : "\"multipleChoice\""
        },
        {
          "entity" : "datetime",
          "value" : "\"2002-01-01T00:00:00.000Z\"",
          "start" : 0,
          "end" : 3
        }
      ]
    },
    {
      "text" : "was Easy Travel affected?",
      "entities" : [
        {
          "entity" : "app_name",
          "value" : "\"Easy Travel\"",
          "start" : 4,
          "end" : 15
        }
      ]
    },
    {
      "text" : "what can you do?",
      "entities" : [
        {
          "entity" : "intent",
          "value" : "\"help\""
        }
      ]
    },
    {
      "text" : "what can you help me with?",
      "entities" : [
        {
          "entity" : "intent",
          "value" : "\"help\""
        }
      ]
    },
    {
      "text" : "what does the gold key mean?",
      "entities" : [
        {
          "entity" : "intent",
          "value" : "\"help\""
        },
        {
          "entity" : "emoji",
          "value" : "\"key\"",
          "start" : 14,
          "end" : 22
        }
      ]
    },
    {
      "text" : "what does the key mean",
      "entities" : [
        {
          "entity" : "intent",
          "value" : "\"help\""
        },
        {
          "entity" : "emoji",
          "value" : "\"key \"",
          "start" : 14,
          "end" : 18
        }
      ]
    },
    {
      "text" : "what does the key represent?",
      "entities" : [
        {
          "entity" : "intent",
          "value" : "\"help\""
        },
        {
          "entity" : "emoji",
          "value" : "\"key\"",
          "start" : 14,
          "end" : 17
        }
      ]
    },
    {
      "text" : "what happened last week?",
      "entities" : [
        {
          "entity" : "intent",
          "value" : "\"problem\""
        },
        {
          "entity" : "datetime",
          "value" : "\"2016-08-08T00:00:00.000Z\"",
          "start" : 14,
          "end" : 23
        }
      ]
    },
    {
      "text" : "what happened this morning?",
      "entities" : [
        {
          "entity" : "intent",
          "value" : "\"problem\""
        },
        {
          "entity" : "datetime",
          "value" : "{:from \"2016-07-22T04:00:00.000Z\", :to \"2016-07-22T12:00:00.000Z\"}",
          "start" : 14,
          "end" : 26
        }
      ]
    },
    {
      "text" : "what happened yesterday?",
      "entities" : [
        {
          "entity" : "intent",
          "value" : "\"problem\""
        },
        {
          "entity" : "datetime",
          "value" : "\"2016-08-09T00:00:00.000Z\"",
          "start" : 14,
          "end" : 23
        }
      ]
    },
    {
      "text" : "what is the recent user activity?",
      "entities" : [
        {
          "entity" : "intent",
          "value" : "\"userActivity\""
        }
      ]
    },
    {
      "text" : "what version are you?",
      "entities" : [
        {
          "entity" : "intent",
          "value" : "\"davisVersion\""
        }
      ]
    },
    {
      "text" : "what version is running?",
      "entities" : [
        {
          "entity" : "intent",
          "value" : "\"davisVersion\""
        }
      ]
    },
    {
      "text" : "what version of davis is running?",
      "entities" : [
        {
          "entity" : "intent",
          "value" : "\"davisVersion\""
        }
      ]
    },
    {
      "text" : "what's :key:",
      "entities" : [
        {
          "entity" : "intent",
          "value" : "\"help\""
        },
        {
          "entity" : "emoji",
          "value" : "\"key\"",
          "start" : 7,
          "end" : 12
        }
      ]
    },
    {
      "text" : "what's up",
      "entities" : [
        {
          "entity" : "intent",
          "value" : "\"problem\""
        }
      ]
    },
    {
      "text" : "what's up?",
      "entities" : [
        {
          "entity" : "intent",
          "value" : "\"problem\""
        }
      ]
    },
    {
      "text" : "yeah",
      "entities" : [
        {
          "entity" : "intent",
          "value" : "\"yes\""
        }
      ]
    },
    {
      "text" : "yep",
      "entities" : [
        {
          "entity" : "intent",
          "value" : "\"yes\""
        }
      ]
    },
    {
      "text" : "yes",
      "entities" : [
        {
          "entity" : "intent",
          "value" : "\"yes\""
        }
      ]
    },
    {
      "text" : "yes please",
      "entities" : [
        {
          "entity" : "intent",
          "value" : "\"yes\""
        }
      ]
    },
    {
      "text" : "yo, davis",
      "entities" : [
        {
          "entity" : "intent",
          "value" : "\"launch\""
        }
      ]
    },
    {
      "text" : "zero",
      "entities" : [
        {
          "entity" : "intent",
          "value" : "\"multipleChoice\""
        }
      ]
    }
  ]
}