{
  "data" : [
    {
      "turns" : [
        {
          "user" : "What happened yesterday around 10pm?",
          "entities" : [
            {
              "entity" : "intent",
              "value" : "\"problem\""
            },
            {
              "entity" : "intent",
              "value" : "\"problem\""
            },
            {
              "entity" : "datetime",
              "value" : "\"2016-06-15T22:00:00.000-07:00\"",
              "start" : 14,
              "end" : 35
            },
            {
              "entity" : "datetime",
              "value" : "\"2016-06-15T22:00:00.000-07:00\"",
              "start" : 14,
              "end" : 35
            }
          ],
          "operations" : [
            {
              "action" : "merge"
            },
            {
              "branches" : [
                {
                  "predicates" : [
                    {
                      "name" : "datetime",
                      "negative" : false
                    },
                    {
                      "name" : "intent",
                      "negative" : false
                    }
                  ],
                  "operations" : [
                    {
                      "action" : "function-problem"
                    }
                  ],
                  "turns" : [
                    {
                      "user" : "was Easy Travel affected?",
                      "entities" : [
                        {
                          "entity" : "app_name",
                          "value" : "\"Easy Travel\"",
                          "start" : 4,
                          "end" : 15
                        },
                        {
                          "entity" : "app_name",
                          "value" : "\"Easy Travel\"",
                          "start" : 4,
                          "end" : 15
                        }
                      ],
                      "operations" : [
                        {
                          "action" : "merge"
                        },
                        {
                          "branches" : [
                            {
                              "predicates" : [
                                {
                                  "name" : "app_name",
                                  "negative" : false
                                },
                                {
                                  "name" : "datetime",
                                  "negative" : false
                                },
                                {
                                  "name" : "finished",
                                  "negative" : false
                                }
                              ],
                              "operations" : [
                                {
                                  "action" : "function-problem"
                                }
                              ],
                              "turns" : [
                                {
                                  "user" : "How about SSO?",
                                  "entities" : [
                                    {
                                      "entity" : "app_name",
                                      "value" : "\"SSO\"",
                                      "start" : 10,
                                      "end" : 13
                                    },
                                    {
                                      "entity" : "app_name",
                                      "value" : "\"SSO\"",
                                      "start" : 10,
                                      "end" : 13
                                    }
                                  ],
                                  "operations" : [
                                    {
                                      "action" : "merge"
                                    },
                                    {
                                      "action" : "function-problem"
                                    }
                                  ]
                                }
                              ]
                            }
                          ]
                        }
                      ]
                    }
                  ]
                }
              ]
            }
          ]
        }
      ]
    },
    {
      "turns" : [
        {
          "user" : "Did anything happen to Easy Travel between 8 and 10am?",
          "entities" : [
            {
              "entity" : "intent",
              "value" : "\"problem\""
            },
            {
              "entity" : "intent",
              "value" : "\"problem\""
            },
            {
              "entity" : "app_name",
              "value" : "\"Easy Travel\"",
              "start" : 23,
              "end" : 34
            },
            {
              "entity" : "datetime",
              "value" : "{:from \"2016-06-16T20:00:00.000-07:00\", :to \"2016-06-17T11:00:00.000-07:00\"}",
              "start" : 35,
              "end" : 53
            }
          ],
          "operations" : [
            {
              "action" : "merge"
            },
            {
              "branches" : [
                {
                  "predicates" : [
                    {
                      "name" : "app_name",
                      "negative" : false
                    },
                    {
                      "name" : "datetime",
                      "negative" : false
                    },
                    {
                      "name" : "intent",
                      "negative" : false
                    }
                  ],
                  "operations" : [
                    {
                      "action" : "function-problem"
                    }
                  ]
                }
              ]
            }
          ]
        }
      ]
    },
    {
      "name" : "",
      "turns" : [
        {
          "user" : "How's Easy Travel doing?",
          "entities" : [
            {
              "entity" : "intent",
              "value" : "\"summary\""
            },
            {
              "entity" : "intent",
              "value" : "\"summary\""
            },
            {
              "entity" : "app_name",
              "value" : "\"Easy Travel\"",
              "start" : 6,
              "end" : 17
            }
          ],
          "operations" : [
            {
              "action" : "merge"
            },
            {
              "branches" : [
                {
                  "predicates" : [
                    {
                      "name" : "app_name",
                      "negative" : false
                    },
                    {
                      "name" : "intent",
                      "negative" : false
                    }
                  ],
                  "operations" : [
                    {
                      "action" : "function-summary"
                    }
                  ]
                }
              ]
            }
          ]
        }
      ]
    }
  ]
}