{
  "data" : {
    "lookups" : [
      "free-text",
      "keywords"
    ],
    "name" : "app_name",
    "lang" : "en",
    "exotic" : false,
    "id" : "app_name",
    "values" : [
      {
        "value" : "Easy Travel",
        "expressions" : [
          "Easy Travel",
          "easytravel"
        ]
      },
      {
        "value" : "SSO",
        "expressions" : [
          "SSO"
        ]
      },
      {
        "value" : "support",
        "expressions" : [
          "support"
        ]
      },
      {
        "value" : "support jira",
        "expressions" : [
          "support jira"
        ]
      }
    ],
    "doc" : "User-defined entity",
    "builtin" : false
  }
}